"Key","Value","Improvement"
"Lon","32.5",10.820921400612
"Lat","-32.5",9.29059930241078
"Lat","-2.5",5.30044922187244
"Lon","52.5",4.1621844665367
"Lon","72.5",3.81692285999748
"Lat","-12.5",3.27918909154528
"Lat","-22.5",2.58982583656257
"Lat","7.5",1.75165188272058
"CQrt","124;3",1.16299016229254
"CQrt","14;23",0.847073683389453
"CQrt","134;2",0.586585266415341
"Qrt","1",0.483421918664817
"Qrt","2",0.381212201886456
"Qrt","3",0.345687484006021
