"select1","select2","select3","Var_explained"
1,1,1,0.0740086065100863
1,2,1,0.0740086065100863
2,1,1,0.0722776228690746
2,2,1,0.0599433752037157
