"select1","select2","Var_explained"
1,1,0.137127644993886
2,1,0.103927470380727
