"select1","select2","select3","Var_explained"
1,1,1,0.0601409297253087
1,2,1,0.0601409297253087
2,1,1,0.0559300788195875
2,3,1,0.0504205894699543
1,3,1,0.0499452701227311
3,2,1,0.0477307984386252
2,2,1,0.0468813324332604
3,1,1,0.0460960717016434
3,3,1,0.0285683895510536
