"select1","select2","select3","Var_explained"
1,2,1,0.162608724633945
1,1,1,0.16016456245001
1,1,2,0.154284563113869
1,2,2,0.149206759211378
2,1,1,0.14414867649528
2,2,1,0.139389395071404
2,1,2,0.138550810432236
2,2,2,0.0953479518353582
