"select1","select2","select3","Var_explained"
1,1,1,0.380947946626397
1,2,1,0.354640143464742
2,1,1,0.310683702704422
