"select1","select2","Var_explained"
1,1,0.0904521475515659
2,1,0.0866420129193485
