"select1","select2","select3","Var_explained"
1,1,1,0.0252543602421237
1,2,1,0.0252543602421237
2,1,1,0.0241434014083134
2,3,1,0.0208461615344994
3,1,1,0.0202297679851559
1,3,1,0.0202246829936502
3,2,1,0.0197158994330069
2,2,1,0.0180243751959825
3,3,1,0.0136663141040945
