"select1","select2","Var_explained"
1,1,0.135878981099941
2,1,0.101483108554784
3,1,0.0801678849420542
