"select1","select2","select3","Var"
1,2,1,0.161974893143105
1,1,1,0.159538872982268
2,1,1,0.143679954148331
