"select1","select2","Var_explained"
1,1,0.0483884232556948
2,1,0.0357161843606225
