"select1","select2","select3","Var_explained"
1,1,1,0.0722893071792714
1,2,1,0.0722893071792714
2,1,1,0.0698659163673546
2,3,1,0.0598222078699528
1,3,1,0.0585629309584047
3,2,1,0.0568462086915285
3,1,1,0.0567553702667905
2,2,1,0.0554851175126264
3,3,1,0.0337520525682619
