"select1","select2","Var_explained"
1,1,0.304000486136022
2,1,0.197821695230956
