"select1","select2","select3","Var_explained"
2,1,1,0.104451298279051
1,1,1,0.0967139132932594
1,2,1,0.0699849493174877
