"select1","select2","select3","Var_explained"
1,1,1,0.0976715292875063
2,1,1,0.0976715292875063
2,2,1,0.0976715292875063
1,2,1,0.0906460893906012
