"select1","select2","select3","Var_explained"
3,1,1,0.0302791376603247
3,2,1,0.0302791376603247
1,3,1,0.0298005422225352
2,3,1,0.0296329430140334
1,1,1,0.029040931494806
3,3,1,0.029040931494806
2,1,1,0.0284532322801545
1,2,1,0.0234587142281088
2,2,1,0.0234230656633246
